,url_length,has_https,num_dots,has_at,has_dash,has_ip,label
url_length,1.0,0.10097589881303806,0.49025369372742533,0.06947891819734728,0.3254309909428513,-0.0534267814370705,0.1726988201128427
has_https,0.10097589881303806,1.0,0.10335422471702341,-0.002395911892785748,0.016676948616996742,0.0006786181289026881,0.06370419664869316
num_dots,0.49025369372742533,0.10335422471702341,1.0,0.09415770789311952,0.03901030551132685,0.12842898950985826,0.28915090406150806
has_at,0.06947891819734728,-0.002395911892785748,0.09415770789311952,1.0,0.008638653015153418,-0.0046423998359305775,0.07697185220822879
has_dash,0.3254309909428513,0.016676948616996742,0.03901030551132685,0.008638653015153418,1.0,-0.08477958175928933,-0.06525385619731396
has_ip,-0.0534267814370705,0.0006786181289026881,0.12842898950985826,-0.0046423998359305775,-0.08477958175928933,1.0,0.18891339450945044
label,0.1726988201128427,0.06370419664869316,0.28915090406150806,0.07697185220822879,-0.06525385619731396,0.18891339450945044,1.0
